{"resourceType":"CodeSystem","id":"TipoOutputTaskCS","text":{"status":"generated","div":"<div xmlns=\"http://www.w3.org/1999/xhtml\"><p class=\"res-header-id\"><b>Generated Narrative: CodeSystem TipoOutputTaskCS</b></p><a name=\"TipoOutputTaskCS\"> </a><a name=\"hcTipoOutputTaskCS\"> </a><a name=\"TipoOutputTaskCS-en-US\"> </a><p>This  code system <code>http://racsel.org/TIC-TSTF/CodeSystem/TipoOutputTaskCS</code> defines the following codes:</p><table class=\"codes\"><tr><td style=\"white-space:nowrap\"><b>Code</b></td><td><b>Display</b></td></tr><tr><td style=\"white-space:nowrap\">Obs<a name=\"TipoOutputTaskCS-Obs\"> </a></td><td>Observacion narrativa</td></tr><tr><td style=\"white-space:nowrap\">Doc<a name=\"TipoOutputTaskCS-Doc\"> </a></td><td>Documento</td></tr></table></div>"},"url":"http://racsel.org/TIC-TSTF/CodeSystem/TipoOutputTaskCS","version":"0.2.1","name":"TipoOutputTaskCS","title":"TICTF Tipo de respuesta","status":"draft","date":"2025-01-30T19:16:54-03:00","publisher":"RACSEL","contact":[{"name":"RACSEL","telecom":[{"system":"url","value":"https://racsel.org/"}]}],"description":"Set de valores para Tipo Output Task","content":"complete","count":2,"concept":[{"code":"Obs","display":"Observacion narrativa"},{"code":"Doc","display":"Documento"}]}