{"resourceType":"ValueSet","id":"Paises","text":{"status":"generated","div":"<div xmlns=\"http://www.w3.org/1999/xhtml\"><p class=\"res-header-id\"><b>Generated Narrative: ValueSet Paises</b></p><a name=\"Paises\"> </a><a name=\"hcPaises\"> </a><a name=\"Paises-en-US\"> </a><ul><li>Include all codes defined in <a href=\"http://terminology.hl7.org/6.2.0/CodeSystem-ISO3166Part1.html\"><code>urn:iso:std:iso:3166</code></a></li></ul></div>"},"url":"http://racsel.org/TIC-TSTF/ValueSet/Paises","version":"0.2.1","name":"Paises","title":"TICTF Paises","status":"draft","date":"2025-01-30T19:16:54-03:00","publisher":"RACSEL","contact":[{"name":"RACSEL","telecom":[{"system":"url","value":"https://racsel.org/"}]}],"description":"Paises de la ISO 3166","compose":{"include":[{"system":"urn:iso:std:iso:3166"}]}}