{"resourceType":"ValueSet","id":"TipoRespuestaVS","text":{"status":"generated","div":"<div xmlns=\"http://www.w3.org/1999/xhtml\"><p class=\"res-header-id\"><b>Generated Narrative: ValueSet TipoRespuestaVS</b></p><a name=\"TipoRespuestaVS\"> </a><a name=\"hcTipoRespuestaVS\"> </a><a name=\"TipoRespuestaVS-en-US\"> </a><ul><li>Include all codes defined in <a href=\"CodeSystem-TipoOutputTaskCS.html\"><code>http://racsel.org/TIC-TSTF/CodeSystem/TipoOutputTaskCS</code></a></li></ul></div>"},"url":"http://racsel.org/TIC-TSTF/ValueSet/TipoRespuestaVS","version":"0.2.1","name":"TipoRespuestaVS","title":"TICTF Tipo de respuesta","status":"draft","date":"2025-01-30T19:16:54-03:00","publisher":"RACSEL","contact":[{"name":"RACSEL","telecom":[{"system":"url","value":"https://racsel.org/"}]}],"description":"CodeSystem de Códigos tipo de respuesta TSTF","compose":{"include":[{"system":"http://racsel.org/TIC-TSTF/CodeSystem/TipoOutputTaskCS"}]}}