<?xml version="1.0" encoding="UTF-8"?><CodeSystem xmlns="http://hl7.org/fhir"><id value="TipoTaskCS"/><text><status value="generated"/><div xmlns="http://www.w3.org/1999/xhtml"><p class="res-header-id"><b>Generated Narrative: SistemaDeCodigos TipoTaskCS</b></p><a name="TipoTaskCS"> </a><a name="hcTipoTaskCS"> </a><p>This  code system <code>http://racsel.org/TIC-TSTF/CodeSystem/TipoTaskCS</code> defines the following codes:</p><table class="codes"><tr><td style="white-space:nowrap"><b>Code</b></td><td><b>Display</b></td></tr><tr><td style="white-space:nowrap">Obs<a name="TipoTaskCS-Obs"> </a></td><td>Observacion narrativa</td></tr><tr><td style="white-space:nowrap">Doc<a name="TipoTaskCS-Doc"> </a></td><td>Documento</td></tr><tr><td style="white-space:nowrap">Rep<a name="TipoTaskCS-Rep"> </a></td><td>Reporte</td></tr></table></div></text><url value="http://racsel.org/TIC-TSTF/CodeSystem/TipoTaskCS"/><version value="0.6.2"/><name value="TipoTaskCS"/><title value="TICTF Tipo de respuesta CS"/><status value="draft"/><date value="2025-08-25T16:41:11-03:00"/><publisher value="RACSEL"/><contact><name value="RACSEL"/><telecom><system value="url"/><value value="https://racsel.org/"/></telecom></contact><description value="CodeSystem para tipo Output Task TICTF"/><jurisdiction><coding><system value="http://unstats.un.org/unsd/methods/m49/m49.htm"/><code value="419"/><display value="Latin America and the Caribbean"/></coding></jurisdiction><content value="complete"/><count value="3"/><concept><code value="Obs"/><display value="Observacion narrativa"/></concept><concept><code value="Doc"/><display value="Documento"/></concept><concept><code value="Rep"/><display value="Reporte"/></concept></CodeSystem>