<?xml version="1.0" encoding="UTF-8"?>

<Consent xmlns="http://hl7.org/fhir">
  <id value="Consent1"/>
  <text>
    <status value="generated"/><div xmlns="http://www.w3.org/1999/xhtml"><p class="res-header-id"><b>Generated Narrative: Consent Consent1</b></p><a name="Consent1"> </a><a name="hcConsent1"> </a><a name="Consent1-en-US"> </a><p><b>status</b>: Active</p><p><b>scope</b>: <span title="Codes:">patient-privacy</span></p><p><b>category</b>: <span title="Codes:{http://loinc.org 59284-0}">Consent Document</span></p><p><b>patient</b>: <a href="Patient-Paciente1.html">Juan Perez  Male, DoB: 1980-05-15</a></p><p><b>policyRule</b>: <span title="Codes:">Consentimiento para TICTF</span></p></div>
  </text>
  <status value="active"/>
  <scope>
    <coding>
      <code value="patient-privacy"/>
    </coding>
  </scope>
  <category>
    <coding>
      <system value="http://loinc.org"/>
      <code value="59284-0"/>
    </coding>
  </category>
  <patient>
    <reference value="Patient/Paciente1"/>
  </patient>
  <policyRule>
    <text value="Consentimiento para TICTF"/>
  </policyRule>
</Consent>