<?xml version="1.0" encoding="UTF-8"?>

<DiagnosticReport xmlns="http://hl7.org/fhir">
  <id value="DiagnosticReport1"/>
  <text>
    <status value="generated"/><div xmlns="http://www.w3.org/1999/xhtml"><p class="res-header-id"><b>Generated Narrative: DiagnosticReport DiagnosticReport1</b></p><a name="DiagnosticReport1"> </a><a name="hcDiagnosticReport1"> </a><a name="DiagnosticReport1-en-US"> </a><h2><span title="Codes:">Radiografía de tórax</span> </h2><table class="grid"><tr><td>Subject</td><td>Juan Perez  Male, DoB: 1980-05-15</td></tr></table><p><b>Report Details</b></p></div>
  </text>
  <status value="final"/>
  <code>
    <text value="Radiografía de tórax"/>
  </code>
  <subject>
    <reference value="Patient/Paciente1"/>
  </subject>
</DiagnosticReport>