<?xml version="1.0" encoding="UTF-8"?>

<DocumentReference xmlns="http://hl7.org/fhir">
  <id value="DocumentReference2"/>
  <text>
    <status value="generated"/><div xmlns="http://www.w3.org/1999/xhtml"><p class="res-header-id"><b>Generated Narrative: ReferenciaDocumento DocumentReference2</b></p><a name="DocumentReference2"> </a><a name="hcDocumentReference2"> </a><p><b>status</b>: Current</p><p><b>type</b>: <span title="Codes:">Nota clínica</span></p><p><b>subject</b>: <a href="Patient-Paciente1.html">Juan Domingo Perez  Male, DoB: 1980-05-15 ( Tax ID number)</a></p><blockquote><p><b>content</b></p><h3>Attachments</h3><table class="grid"><tr><td style="display: none">-</td><td><b>Url</b></td></tr><tr><td style="display: none">*</td><td><a href="http://HIS.PaisDeOrigen.gov/tictf/DocumentReference2">http://HIS.PaisDeOrigen.gov/tictf/DocumentReference2</a></td></tr></table></blockquote></div>
  </text>
  <status value="current"/>
  <type>
    <text value="Nota clínica"/>
  </type>
  <subject>
    <reference value="Patient/Paciente1"/>
  </subject>
  <content>
    <attachment>
      <url value="http://HIS.PaisDeOrigen.gov/tictf/DocumentReference2"/>
    </attachment>
  </content>
</DocumentReference>