<?xml version="1.0" encoding="UTF-8"?>

<Observation xmlns="http://hl7.org/fhir">
  <id value="TICTFObsGral1"/>
  <meta>
    <profile value="http://racsel.org/TIC-TSTF/StructureDefinition/TICTFObsGral"/>
  </meta>
  <text>
    <status value="generated"/><div xmlns="http://www.w3.org/1999/xhtml"><p class="res-header-id"><b>Generated Narrative: Observation TICTFObsGral1</b></p><a name="TICTFObsGral1"> </a><a name="hcTICTFObsGral1"> </a><a name="TICTFObsGral1-en-US"> </a><p><b>basedOn</b>: <a href="ServiceRequest-TICTFServiceRequest1.html">ServiceRequest Telemedicine consultation with provider (procedure)</a></p><p><b>status</b>: Registered</p><p><b>code</b>: <span title="Codes:{http://loinc.org 11506-3}">Progress note</span></p><p><b>subject</b>: <a href="Patient-Paciente1.html">Juan Perez  Male, DoB: 1980-05-15</a></p><p><b>value</b>: El paciente ha respondido bien al tratamiento inicial, pero sigue en observación.</p></div>
  </text>
  <basedOn>
    <reference value="ServiceRequest/TICTFServiceRequest1"/>
  </basedOn>
  <status value="registered"/>
  <code>
    <coding>
      <system value="http://loinc.org"/>
      <code value="11506-3"/>
      <display value="Progress note"/>
    </coding>
  </code>
  <subject>
    <reference value="Patient/Paciente1"/>
  </subject>
  <valueString value="El paciente ha respondido bien al tratamiento inicial, pero sigue en observación."/>
</Observation>