<?xml version="1.0" encoding="UTF-8"?>

<Observation xmlns="http://hl7.org/fhir">
  <id value="TICTFObsSolicitud1"/>
  <meta>
    <profile value="http://racsel.org/TIC-TSTF/StructureDefinition/TICTFObsSolicitud"/>
  </meta>
  <text>
    <status value="generated"/><div xmlns="http://www.w3.org/1999/xhtml"><p class="res-header-id"><b>Generated Narrative: Observation TICTFObsSolicitud1</b></p><a name="TICTFObsSolicitud1"> </a><a name="hcTICTFObsSolicitud1"> </a><a name="TICTFObsSolicitud1-en-US"> </a><p><b>basedOn</b>: <a href="ServiceRequest-TICTFServiceRequest1.html">ServiceRequest Telemedicine consultation with provider (procedure)</a></p><p><b>status</b>: Registered</p><p><b>code</b>: <span title="Codes:{http://loinc.org 11487-6}">Consultation request (narrative)</span></p><p><b>subject</b>: <a href="Patient-Paciente1.html">Juan Perez  Male, DoB: 1980-05-15</a></p><p><b>value</b>: El paciente presenta síntomas de dificultad respiratoria desde hace dos semanas. Se requiere evaluación especializada.</p></div>
  </text>
  <basedOn>
    <reference value="ServiceRequest/TICTFServiceRequest1"/>
  </basedOn>
  <status value="registered"/>
  <code>
    <coding>
      <system value="http://loinc.org"/>
      <code value="11487-6"/>
    </coding>
  </code>
  <subject>
    <reference value="Patient/Paciente1"/>
  </subject>
  <valueString value="El paciente presenta síntomas de dificultad respiratoria desde hace dos semanas. Se requiere evaluación especializada."/>
</Observation>