<?xml version="1.0" encoding="UTF-8"?>

<Organization xmlns="http://hl7.org/fhir">
  <id value="TICTFOrganization2"/>
  <meta>
    <profile value="http://racsel.org/TIC-TSTF/StructureDefinition/PROOrganizationTICTF"/>
  </meta>
  <text>
    <status value="generated"/><div xmlns="http://www.w3.org/1999/xhtml"><p class="res-header-id"><b>Generated Narrative: Organización TICTFOrganization2</b></p><a name="TICTFOrganization2"> </a><a name="hcTICTFOrganization2"> </a><div style="display: inline-block; background-color: #d9e0e7; padding: 6px; margin: 4px; border: 1px solid #8da1b4; border-radius: 5px; line-height: 60%"><p style="margin-bottom: 0px"/><p style="margin-bottom: 0px">Profile: <a href="StructureDefinition-PROOrganizationTICTF.html">TICTF Organización</a></p></div><p><b>name</b>: Hospital Otro</p><p><b>address</b>: UY </p></div>
  </text>
  <name value="Hospital Otro"/>
  <address>
    <country value="UY"/>
  </address>
</Organization>