<?xml version="1.0" encoding="UTF-8"?>

<Patient xmlns="http://hl7.org/fhir">
  <id value="Paciente1"/>
  <meta>
    <profile value="http://racsel.org/TIC-TSTF/StructureDefinition/TICTFPatient"/>
  </meta>
  <text>
    <status value="generated"/><div xmlns="http://www.w3.org/1999/xhtml"><p class="res-header-id"><b>Generated Narrative: Patient Paciente1</b></p><a name="Paciente1"> </a><a name="hcPaciente1"> </a><a name="Paciente1-en-US"> </a><p style="border: 1px #661aff solid; background-color: #e6e6ff; padding: 10px;">Juan Perez  Male, DoB: 1980-05-15</p><hr/></div>
  </text>
  <name>
    <family value="Perez"/>
    <given value="Juan"/>
  </name>
  <gender value="male"/>
  <birthDate value="1980-05-15"/>
</Patient>