<?xml version="1.0" encoding="UTF-8"?>

<PractitionerRole xmlns="http://hl7.org/fhir">
  <id value="TICTFPractitionerRole1"/>
  <meta>
    <profile value="http://racsel.org/TIC-TSTF/StructureDefinition/TICTFPractitionerRole"/>
  </meta>
  <text>
    <status value="generated"/><div xmlns="http://www.w3.org/1999/xhtml"><p class="res-header-id"><b>Generated Narrative: RolProfesional TICTFPractitionerRole1</b></p><a name="TICTFPractitionerRole1"> </a><a name="hcTICTFPractitionerRole1"> </a><div style="display: inline-block; background-color: #d9e0e7; padding: 6px; margin: 4px; border: 1px solid #8da1b4; border-radius: 5px; line-height: 60%"><p style="margin-bottom: 0px"/><p style="margin-bottom: 0px">Profile: <a href="StructureDefinition-TICTFPractitionerRole.html">TICTF Profesional, Organización y País</a></p></div><p><b>practitioner</b>: <a href="Practitioner-Practitioner1.html">Practitioner Ana Gomez </a></p><p><b>organization</b>: <a href="Organization-TICTFOrganization1.html">Organization Hospital Central</a></p></div>
  </text>
  <practitioner>
    <reference value="Practitioner/Practitioner1"/>
  </practitioner>
  <organization>
    <reference value="Organization/TICTFOrganization1"/>
  </organization>
</PractitionerRole>