<?xml version="1.0" encoding="UTF-8"?>

<Practitioner xmlns="http://hl7.org/fhir">
  <id value="Practitioner2"/>
  <text>
    <status value="generated"/><div xmlns="http://www.w3.org/1999/xhtml"><p class="res-header-id"><b>Generated Narrative: Practitioner Practitioner2</b></p><a name="Practitioner2"> </a><a name="hcPractitioner2"> </a><a name="Practitioner2-en-US"> </a><p><b>name</b>: Luis Fernandez </p></div>
  </text>
  <name>
    <family value="Fernandez"/>
    <given value="Luis"/>
  </name>
</Practitioner>