<?xml version="1.0" encoding="UTF-8"?>

<Practitioner xmlns="http://hl7.org/fhir">
  <id value="Practitioner3"/>
  <text>
    <status value="generated"/><div xmlns="http://www.w3.org/1999/xhtml"><p class="res-header-id"><b>Generated Narrative: Practicante / Profesional Practitioner3</b></p><a name="Practitioner3"> </a><a name="hcPractitioner3"> </a><p><b>name</b>: Lucía Gutierrrez </p></div>
  </text>
  <name>
    <family value="Gutierrrez"/>
    <given value="Lucía"/>
  </name>
</Practitioner>