<?xml version="1.0" encoding="UTF-8"?>

<ServiceRequest xmlns="http://hl7.org/fhir">
  <id value="TICTFServiceRequest1"/>
  <meta>
    <profile value="http://racsel.org/TIC-TSTF/StructureDefinition/TICTFServiceRequest"/>
  </meta>
  <text>
    <status value="generated"/><div xmlns="http://www.w3.org/1999/xhtml"><p class="res-header-id"><b>Generated Narrative: PeticiónServicio TICTFServiceRequest1</b></p><a name="TICTFServiceRequest1"> </a><a name="hcTICTFServiceRequest1"> </a><div style="display: inline-block; background-color: #d9e0e7; padding: 6px; margin: 4px; border: 1px solid #8da1b4; border-radius: 5px; line-height: 60%"><p style="margin-bottom: 0px"/><p style="margin-bottom: 0px">Profile: <a href="StructureDefinition-TICTFServiceRequest.html">TICTF Solicitud TeleInterconsulta Transfronteriza</a></p></div><p><b>identifier</b>: <code>http://HIS.PaisDeOrigen.gov/tictf/servicerequest</code>/PPBxmMR4EC-PBQzXpEBG7 (use: official, )</p><p><b>status</b>: Active</p><p><b>intent</b>: Order</p><p><b>code</b>: <span title="Codes:{http://snomed.info/sct 868184008}">Telemedicine consultation with provider</span></p><p><b>orderDetail</b>: <span title="Codes:{http://snomed.info/sct 418112009}">Pulmonary medicine</span></p><p><b>subject</b>: <a href="Patient-Paciente1.html">Juan Domingo Perez  Male, DoB: 1980-05-15 ( Tax ID number)</a></p><p><b>requester</b>: <a href="PractitionerRole-TICTFPractitionerRole1.html">PractitionerRole</a></p><p><b>performer</b>: <a href="PractitionerRole-TICTFPractitionerRole2.html">PractitionerRole</a></p><p><b>reasonReference</b>: <a href="Observation-TICTFObsSolicitud1.html">Observation Consultation request (narrative)</a></p><p><b>supportingInfo</b>: </p><ul><li><a href="Consent-Consent1.html">Consent: status = active; scope = patient-privacy; category = Consentimiento:{Configuración} :Punto temporal:Tipo:Documento:Patient; policyRule = </a></li><li><a href="DocumentReference-DocumentReference1.html">DocumentReference: status = current; type = </a></li><li><a href="DiagnosticReport-DiagnosticReport1.html">Diagnostic Report for '' for '-&gt;Juan Domingo Perez  Male, DoB: 1980-05-15 ( Tax ID number)'</a></li><li><a href="Observation-TICTFObsGral1.html">Observation Progress note</a></li></ul></div>
  </text>
  <identifier>
    <use value="official"/>
    <system value="http://HIS.PaisDeOrigen.gov/tictf/servicerequest"/>
    <value value="PPBxmMR4EC-PBQzXpEBG7"/>
  </identifier>
  <status value="active"/>
  <intent value="order"/>
  <code>
    <coding>
      <system value="http://snomed.info/sct"/>
      <code value="868184008"/>
    </coding>
  </code>
  <orderDetail>
    <coding>
      <system value="http://snomed.info/sct"/>
      <code value="418112009"/>
    </coding>
  </orderDetail>
  <subject>
    <reference value="Patient/Paciente1"/>
  </subject>
  <requester>
    <reference value="PractitionerRole/TICTFPractitionerRole1"/>
  </requester>
  <performer>
    <reference value="PractitionerRole/TICTFPractitionerRole2"/>
  </performer>
  <reasonReference>
    <reference value="Observation/TICTFObsSolicitud1"/>
  </reasonReference>
  <supportingInfo>
    <reference value="Consent/Consent1"/>
  </supportingInfo>
  <supportingInfo>
    <reference value="DocumentReference/DocumentReference1"/>
  </supportingInfo>
  <supportingInfo>
    <reference value="DiagnosticReport/DiagnosticReport1"/>
  </supportingInfo>
  <supportingInfo>
    <reference value="Observation/TICTFObsGral1"/>
  </supportingInfo>
</ServiceRequest>