<?xml version="1.0" encoding="UTF-8"?>

<Task xmlns="http://hl7.org/fhir">
  <id value="TICTFMainTask1"/>
  <meta>
    <profile value="http://racsel.org/TIC-TSTF/StructureDefinition/tictf-maintask"/>
  </meta>
  <text>
    <status value="generated"/><div xmlns="http://www.w3.org/1999/xhtml"><p class="res-header-id"><b>Generated Narrative: Task TICTFMainTask1</b></p><a name="TICTFMainTask1"> </a><a name="hcTICTFMainTask1"> </a><a name="TICTFMainTask1-en-US"> </a><p><b>basedOn</b>: <a href="ServiceRequest-TICTFServiceRequest1.html">ServiceRequest Telemedicine consultation with provider (procedure)</a></p><p><b>status</b>: In Progress</p><p><b>intent</b>: order</p><p><b>focus</b>: <a href="DiagnosticReport-DiagnosticReport1.html">Diagnostic Report for '' for '-&gt;Juan Perez  Male, DoB: 1980-05-15'</a></p><p><b>for</b>: <a href="Patient-Paciente1.html">Juan Perez  Male, DoB: 1980-05-15</a></p><p><b>requester</b>: <a href="PractitionerRole-TICTFPractitionerRole1.html">PractitionerRole</a></p><p><b>owner</b>: <a href="PractitionerRole-TICTFPractitionerRole2.html">PractitionerRole</a></p></div>
  </text>
  <basedOn>
    <reference value="ServiceRequest/TICTFServiceRequest1"/>
  </basedOn>
  <status value="in-progress"/>
  <intent value="order"/>
  <focus>
    <reference value="DiagnosticReport/DiagnosticReport1"/>
  </focus>
  <for>
    <reference value="Patient/Paciente1"/>
  </for>
  <requester>
    <reference value="PractitionerRole/TICTFPractitionerRole1"/>
  </requester>
  <owner>
    <reference value="PractitionerRole/TICTFPractitionerRole2"/>
  </owner>
</Task>