<?xml version="1.0" encoding="UTF-8"?>

<Bundle xmlns="http://hl7.org/fhir">
  <id value="cbae36f2-c893-414a-8516-89ba1bb889c2"/>
  <meta>
    <lastUpdated value="2025-08-25T16:42:25.630-03:00"/>
  </meta>
  <type value="collection"/>
  <entry>
    <fullUrl value="http://racsel.org/TIC-TSTF/ValueSet/TipoTaskVS"/>
    <resource>
      <ValueSet>
        <text>
          <status value="generated"/>
          <div xmlns="http://www.w3.org/1999/xhtml">
            <p class="res-header-id"/>
            <p style="border: black 1px dotted; background-color: #EEEEEE; padding: 8px; margin-bottom: 8px">Expansion performed internally based on 
              <a href="CodeSystem-TipoTaskCS.html">codesystem TICTF Tipo de respuesta CS v0.6.2 (CodeSystem)</a>
            </p>
            <p>This value set contains 3 concepts</p>
            <table class="codes">
              <tr>
                <td style="white-space:nowrap">
                  <b>Code</b>
                </td>
                <td>
                  <b>System</b>
                </td>
                <td>
                  <b>Display</b>
                </td>
              </tr>
              <tr>
                <td style="white-space:nowrap">
                  <a name="x-http://racsel.org/TIC-TSTF/CodeSystem/TipoTaskCS-Obs"> </a>  
                  <a href="CodeSystem-TipoTaskCS.html#TipoTaskCS-Obs">Obs</a>
                </td>
                <td>http://racsel.org/TIC-TSTF/CodeSystem/TipoTaskCS</td>
                <td>Observacion narrativa</td>
              </tr>
              <tr>
                <td style="white-space:nowrap">
                  <a name="x-http://racsel.org/TIC-TSTF/CodeSystem/TipoTaskCS-Doc"> </a>  
                  <a href="CodeSystem-TipoTaskCS.html#TipoTaskCS-Doc">Doc</a>
                </td>
                <td>http://racsel.org/TIC-TSTF/CodeSystem/TipoTaskCS</td>
                <td>Documento</td>
              </tr>
              <tr>
                <td style="white-space:nowrap">
                  <a name="x-http://racsel.org/TIC-TSTF/CodeSystem/TipoTaskCS-Rep"> </a>  
                  <a href="CodeSystem-TipoTaskCS.html#TipoTaskCS-Rep">Rep</a>
                </td>
                <td>http://racsel.org/TIC-TSTF/CodeSystem/TipoTaskCS</td>
                <td>Reporte</td>
              </tr>
            </table>
          </div>
        </text>
        <url value="http://racsel.org/TIC-TSTF/ValueSet/TipoTaskVS"/>
        <version value="0.6.2"/>
        <name value="TipoTaskVS"/>
        <title value="TICTF Tipo de respuesta VS"/>
        <status value="draft"/>
        <date value="2025-08-25T16:41:11-03:00"/>
        <jurisdiction>
          <coding>
            <system value="http://unstats.un.org/unsd/methods/m49/m49.htm"/>
            <code value="419"/>
            <display value="Latin America and the Caribbean"/>
          </coding>
        </jurisdiction>
        <expansion>
          <identifier value="urn:uuid:aa08bc19-4864-469c-89a9-7aa04f3eda74"/>
          <timestamp value="2025-08-25T16:44:13-03:00"/>
          <total value="3"/>
          <offset value="0"/>
          <parameter>
            <name value="count"/>
            <valueInteger value="1000"/>
          </parameter>
          <parameter>
            <name value="offset"/>
            <valueInteger value="0"/>
          </parameter>
          <parameter>
            <name value="excludeNested"/>
            <valueBoolean value="false"/>
          </parameter>
          <parameter>
            <name value="used-codesystem"/>
            <valueUri value="http://racsel.org/TIC-TSTF/CodeSystem/TipoTaskCS|0.6.2"/>
          </parameter>
          <contains>
            <system value="http://racsel.org/TIC-TSTF/CodeSystem/TipoTaskCS"/>
            <code value="Obs"/>
            <display value="Observacion narrativa"/>
          </contains>
          <contains>
            <system value="http://racsel.org/TIC-TSTF/CodeSystem/TipoTaskCS"/>
            <code value="Doc"/>
            <display value="Documento"/>
          </contains>
          <contains>
            <system value="http://racsel.org/TIC-TSTF/CodeSystem/TipoTaskCS"/>
            <code value="Rep"/>
            <display value="Reporte"/>
          </contains>
        </expansion>
      </ValueSet>
    </resource>
  </entry>
</Bundle>