{"resourceType":"ValueSet","id":"TipoTaskVS","text":{"status":"generated","div":"<div xmlns=\"http://www.w3.org/1999/xhtml\"><p class=\"res-header-id\"><b>Generated Narrative: ConjuntoValores / ConjuntoDeValores TipoTaskVS</b></p><a name=\"TipoTaskVS\"> </a><a name=\"hcTipoTaskVS\"> </a><ul><li>Include all codes defined in <a href=\"CodeSystem-TipoTaskCS.html\"><code>http://racsel.org/TIC-TSTF/CodeSystem/TipoTaskCS</code></a></li></ul></div>"},"url":"http://racsel.org/TIC-TSTF/ValueSet/TipoTaskVS","version":"0.6.2","name":"TipoTaskVS","title":"TICTF Tipo de respuesta VS","status":"draft","date":"2025-11-17T09:04:37-03:00","publisher":"RACSEL","contact":[{"name":"RACSEL","telecom":[{"system":"url","value":"https://racsel.org/"}]}],"description":"Set de valores para tipo Output Task TICTF","jurisdiction":[{"coding":[{"system":"http://unstats.un.org/unsd/methods/m49/m49.htm","code":"419","display":"Latin America and the Caribbean"}]}],"compose":{"include":[{"system":"http://racsel.org/TIC-TSTF/CodeSystem/TipoTaskCS"}]}}