{
  "resourceType" : "Composition",
  "id" : "TICTFComposition1",
  "meta" : {
    "profile" : ["http://racsel.org/TIC-TSTF/StructureDefinition/TICTFComposition"]
  },
  "text" : {
    "status" : "generated",
    "div" : "<div xmlns=\"http://www.w3.org/1999/xhtml\"><p class=\"res-header-id\"><b>Generated Narrative: Composición TICTFComposition1</b></p><a name=\"TICTFComposition1\"> </a><a name=\"hcTICTFComposition1\"> </a><div style=\"display: inline-block; background-color: #d9e0e7; padding: 6px; margin: 4px; border: 1px solid #8da1b4; border-radius: 5px; line-height: 60%\"><p style=\"margin-bottom: 0px\"/><p style=\"margin-bottom: 0px\">Profile: <a href=\"StructureDefinition-TICTFComposition.html\">Composición de Documento de Teleinterconsulta</a></p></div><p><b>status</b>: Final</p><p><b>type</b>: <span title=\"Codes:{http://loinc.org 81249-5}\">Teleconsultation note</span></p><p><b>date</b>: 2024-01-15 10:30:00+0000</p><p><b>author</b>: <a href=\"PractitionerRole-TICTFPractitionerRole2.html\">PractitionerRole</a></p><p><b>title</b>: Informe de Teleinterconsulta Transfronteriza</p><p><b>custodian</b>: <a href=\"Organization-TICTFOrganization2.html\">Organization Hospital Otro</a></p></div>"
  },
  "status" : "final",
  "type" : {
    "coding" : [{
      "system" : "http://loinc.org",
      "code" : "81249-5",
      "display" : "Teleconsultation note"
    }]
  },
  "subject" : {
    "reference" : "Patient/Paciente1"
  },
  "date" : "2024-01-15T10:30:00Z",
  "author" : [{
    "reference" : "PractitionerRole/TICTFPractitionerRole2"
  }],
  "title" : "Informe de Teleinterconsulta Transfronteriza",
  "custodian" : {
    "reference" : "Organization/TICTFOrganization2"
  },
  "section" : [{
    "title" : "Datos del Paciente",
    "code" : {
      "coding" : [{
        "system" : "http://loinc.org",
        "code" : "60592-7",
        "display" : "Patient summary"
      }]
    },
    "text" : {
      "status" : "generated",
      "div" : "<div xmlns=\"http://www.w3.org/1999/xhtml\"><p>Paciente: Juan Domingo Perez, masculino, nacido el 15/05/1980. Identificación nacional: CL/18922652-7</p></div>"
    },
    "entry" : [{
      "reference" : "Patient/Paciente1"
    }]
  },
  {
    "title" : "Solicitud de Interconsulta",
    "code" : {
      "coding" : [{
        "system" : "http://loinc.org",
        "code" : "81249-5",
        "display" : "Teleconsultation note"
      }]
    },
    "text" : {
      "status" : "generated",
      "div" : "<div xmlns=\"http://www.w3.org/1999/xhtml\"><p>Solicitud de interconsulta especializada para evaluación de dificultad respiratoria. Especialidad solicitada: Neumología. Solicitante: Dra. Ana Gomez del Hospital Central.</p></div>"
    },
    "entry" : [{
      "reference" : "ServiceRequest/TICTFServiceRequest1"
    }]
  },
  {
    "title" : "Respuesta de la Interconsulta",
    "code" : {
      "coding" : [{
        "system" : "http://snomed.info/sct",
        "code" : "722421008",
        "display" : "Report of teleconsultation (record artifact)"
      }]
    },
    "text" : {
      "status" : "generated",
      "div" : "<div xmlns=\"http://www.w3.org/1999/xhtml\"><p>Respuesta del especialista: Dr. Luis Fernandez. Recomendación: Realizar pruebas complementarias para descartar infección pulmonar. Estado: Evaluación completada.</p></div>"
    },
    "entry" : [{
      "reference" : "DiagnosticReport/TICTFDiagRep1"
    }]
  }]
}