{
  "resourceType" : "Consent",
  "id" : "Consent1",
  "text" : {
    "status" : "generated",
    "div" : "<div xmlns=\"http://www.w3.org/1999/xhtml\"><p class=\"res-header-id\"><b>Generated Narrative: Consent Consent1</b></p><a name=\"Consent1\"> </a><a name=\"hcConsent1\"> </a><a name=\"Consent1-en-US\"> </a><p><b>status</b>: Active</p><p><b>scope</b>: <span title=\"Codes:\">patient-privacy</span></p><p><b>category</b>: <span title=\"Codes:{http://loinc.org 59284-0}\">Consent Document</span></p><p><b>patient</b>: <a href=\"Patient-Paciente1.html\">Juan Perez  Male, DoB: 1980-05-15</a></p><p><b>policyRule</b>: <span title=\"Codes:\">Consentimiento para TICTF</span></p></div>"
  },
  "status" : "active",
  "scope" : {
    "coding" : [{
      "code" : "patient-privacy"
    }]
  },
  "category" : [{
    "coding" : [{
      "system" : "http://loinc.org",
      "code" : "59284-0"
    }]
  }],
  "patient" : {
    "reference" : "Patient/Paciente1"
  },
  "policyRule" : {
    "text" : "Consentimiento para TICTF"
  }
}