{
  "resourceType" : "DiagnosticReport",
  "id" : "TICTFDiagRep1",
  "meta" : {
    "profile" : ["http://racsel.org/TIC-TSTF/StructureDefinition/TICTFDiagRep"]
  },
  "text" : {
    "status" : "generated",
    "div" : "<div xmlns=\"http://www.w3.org/1999/xhtml\"><p class=\"res-header-id\"><b>Generated Narrative: InformeDiagnostico TICTFDiagRep1</b></p><a name=\"TICTFDiagRep1\"> </a><a name=\"hcTICTFDiagRep1\"> </a><div style=\"display: inline-block; background-color: #d9e0e7; padding: 6px; margin: 4px; border: 1px solid #8da1b4; border-radius: 5px; line-height: 60%\"><p style=\"margin-bottom: 0px\"/><p style=\"margin-bottom: 0px\">Profile: <a href=\"StructureDefinition-TICTFDiagRep.html\">Respeusta de Teleinterconsulta</a></p></div><h2><span title=\"Codes:{http://snomed.info/sct 722421008}\">Report of teleconsultation (record artifact)</span> (<span title=\"Codes:{http://terminology.hl7.org/CodeSystem/v2-0074 SP}\">Specialist</span>) </h2><table class=\"grid\"><tr><td>Subject</td><td>Juan Domingo Perez  Male, DoB: 1980-05-15 ( Tax ID number)</td></tr><tr><td>When For</td><td>2024-01-15 10:30:00+0000</td></tr><tr><td>Reported</td><td>2024-01-15 10:30:00+0000</td></tr><tr><td>Performer</td><td> <a href=\"PractitionerRole-TICTFPractitionerRole2.html\">PractitionerRole</a></td></tr><tr><td>Identifier</td><td> <code>http://HIS.PaisDeDestino.gov/tictf/diagnosticreport</code>/DR-TICTF-2024-001</td></tr></table><p><b>Report Details</b></p><table class=\"grid\"><tr><td><b>Code</b></td><td><b>Value</b></td><td><b>Flags</b></td></tr><tr><td><a href=\"Observation-TICTFObsRespuesta1.html\"><span title=\"Codes:{http://loinc.org 11488-4}\">Consult note</span></a></td><td>Se recomienda realizar pruebas complementarias para descartar infección pulmonar.</td><td>Registered</td></tr></table><p>Basado en la evaluación clínica y los síntomas descritos, se recomienda realizar las siguientes pruebas complementarias: Radiografía de tórax PA y lateral, Hemograma completo con VSG, PCR. Considerar cultivo de esputo si persiste la sintomatología. Seguimiento en 7 días.</p><p><b>Coded Conclusions:</b></p><ul><li><span title=\"Codes:{http://snomed.info/sct 182840001}\">Drug treatment</span></li></ul></div>"
  },
  "identifier" : [{
    "system" : "http://HIS.PaisDeDestino.gov/tictf/diagnosticreport",
    "value" : "DR-TICTF-2024-001"
  }],
  "basedOn" : [{
    "reference" : "ServiceRequest/TICTFServiceRequest1"
  }],
  "status" : "final",
  "category" : [{
    "coding" : [{
      "system" : "http://terminology.hl7.org/CodeSystem/v2-0074",
      "code" : "SP",
      "display" : "Specialist"
    }]
  }],
  "code" : {
    "coding" : [{
      "system" : "http://snomed.info/sct",
      "code" : "722421008",
      "display" : "Report of teleconsultation (record artifact)"
    }]
  },
  "subject" : {
    "reference" : "Patient/Paciente1"
  },
  "effectiveDateTime" : "2024-01-15T10:30:00Z",
  "issued" : "2024-01-15T10:30:00Z",
  "performer" : [{
    "reference" : "PractitionerRole/TICTFPractitionerRole2"
  }],
  "resultsInterpreter" : [{
    "reference" : "PractitionerRole/TICTFPractitionerRole2"
  }],
  "result" : [{
    "reference" : "Observation/TICTFObsRespuesta1"
  }],
  "imagingStudy" : [{
    "reference" : "ImagingStudy/ImagingStudy1"
  }],
  "conclusion" : "Basado en la evaluación clínica y los síntomas descritos, se recomienda realizar las siguientes pruebas complementarias: Radiografía de tórax PA y lateral, Hemograma completo con VSG, PCR. Considerar cultivo de esputo si persiste la sintomatología. Seguimiento en 7 días.",
  "conclusionCode" : [{
    "coding" : [{
      "system" : "http://snomed.info/sct",
      "code" : "182840001",
      "display" : "Drug treatment"
    }]
  }]
}