{
  "resourceType" : "DocumentReference",
  "id" : "DocumentReference1",
  "text" : {
    "status" : "generated",
    "div" : "<div xmlns=\"http://www.w3.org/1999/xhtml\"><p class=\"res-header-id\"><b>Generated Narrative: DocumentReference DocumentReference1</b></p><a name=\"DocumentReference1\"> </a><a name=\"hcDocumentReference1\"> </a><a name=\"DocumentReference1-en-US\"> </a><p><b>status</b>: Current</p><p><b>type</b>: <span title=\"Codes:\">Resumen Clínico</span></p><p><b>subject</b>: <a href=\"Patient-Paciente1.html\">Juan Perez  Male, DoB: 1980-05-15</a></p><blockquote><p><b>content</b></p><h3>Attachments</h3><table class=\"grid\"><tr><td style=\"display: none\">-</td><td><b>Url</b></td></tr><tr><td style=\"display: none\">*</td><td><a href=\"http://HIS.PaisDeOrigen.gov/tictf/DocumentReference1\">http://HIS.PaisDeOrigen.gov/tictf/DocumentReference1</a></td></tr></table></blockquote></div>"
  },
  "status" : "current",
  "type" : {
    "text" : "Resumen Clínico"
  },
  "subject" : {
    "reference" : "Patient/Paciente1"
  },
  "content" : [{
    "attachment" : {
      "url" : "http://HIS.PaisDeOrigen.gov/tictf/DocumentReference1"
    }
  }]
}