{
  "resourceType" : "Observation",
  "id" : "TICTFObsRespuesta1",
  "meta" : {
    "profile" : ["http://racsel.org/TIC-TSTF/StructureDefinition/TICTFObsRespuesta"]
  },
  "text" : {
    "status" : "generated",
    "div" : "<div xmlns=\"http://www.w3.org/1999/xhtml\"><p class=\"res-header-id\"><b>Generated Narrative: Observation TICTFObsRespuesta1</b></p><a name=\"TICTFObsRespuesta1\"> </a><a name=\"hcTICTFObsRespuesta1\"> </a><a name=\"TICTFObsRespuesta1-en-US\"> </a><p><b>status</b>: Registered</p><p><b>code</b>: <span title=\"Codes:{http://loinc.org 11488-4}\">Consult note</span></p><p><b>subject</b>: <a href=\"Patient-Paciente1.html\">Juan Perez  Male, DoB: 1980-05-15</a></p><p><b>value</b>: Se recomienda realizar pruebas complementarias para descartar infección pulmonar.</p></div>"
  },
  "status" : "registered",
  "code" : {
    "coding" : [{
      "system" : "http://loinc.org",
      "code" : "11488-4",
      "display" : "Consult note"
    }]
  },
  "subject" : {
    "reference" : "Patient/Paciente1"
  },
  "valueString" : "Se recomienda realizar pruebas complementarias para descartar infección pulmonar."
}