{
  "resourceType" : "Observation",
  "id" : "TICTFObsGral1",
  "meta" : {
    "profile" : ["http://racsel.org/TIC-TSTF/StructureDefinition/TICTFObsGral"]
  },
  "text" : {
    "status" : "generated",
    "div" : "<div xmlns=\"http://www.w3.org/1999/xhtml\"><p class=\"res-header-id\"><b>Generated Narrative: Observation TICTFObsGral1</b></p><a name=\"TICTFObsGral1\"> </a><a name=\"hcTICTFObsGral1\"> </a><a name=\"TICTFObsGral1-en-US\"> </a><p><b>basedOn</b>: <a href=\"ServiceRequest-TICTFServiceRequest1.html\">ServiceRequest Telemedicine consultation with provider (procedure)</a></p><p><b>status</b>: Registered</p><p><b>code</b>: <span title=\"Codes:{http://loinc.org 11506-3}\">Progress note</span></p><p><b>subject</b>: <a href=\"Patient-Paciente1.html\">Juan Perez  Male, DoB: 1980-05-15</a></p><p><b>value</b>: El paciente ha respondido bien al tratamiento inicial, pero sigue en observación.</p></div>"
  },
  "basedOn" : [{
    "reference" : "ServiceRequest/TICTFServiceRequest1"
  }],
  "status" : "registered",
  "code" : {
    "coding" : [{
      "system" : "http://loinc.org",
      "code" : "11506-3",
      "display" : "Progress note"
    }]
  },
  "subject" : {
    "reference" : "Patient/Paciente1"
  },
  "valueString" : "El paciente ha respondido bien al tratamiento inicial, pero sigue en observación."
}