{
  "resourceType" : "Observation",
  "id" : "TICTFObsRespuesta1",
  "meta" : {
    "profile" : ["http://racsel.org/TIC-TSTF/StructureDefinition/TICTFObsRespuesta"]
  },
  "text" : {
    "status" : "generated",
    "div" : "<div xmlns=\"http://www.w3.org/1999/xhtml\"><p class=\"res-header-id\"><b>Generated Narrative: Observación TICTFObsRespuesta1</b></p><a name=\"TICTFObsRespuesta1\"> </a><a name=\"hcTICTFObsRespuesta1\"> </a><div style=\"display: inline-block; background-color: #d9e0e7; padding: 6px; margin: 4px; border: 1px solid #8da1b4; border-radius: 5px; line-height: 60%\"><p style=\"margin-bottom: 0px\"/><p style=\"margin-bottom: 0px\">Profile: <a href=\"StructureDefinition-TICTFObsRespuesta.html\">TICTF Narrativa de Respuesta</a></p></div><p><b>status</b>: Registered</p><p><b>code</b>: <span title=\"Codes:{http://loinc.org 11488-4}\">Consult note</span></p><p><b>subject</b>: <a href=\"Patient-Paciente1.html\">Juan Domingo Perez  Male, DoB: 1980-05-15 ( Tax ID number)</a></p><p><b>value</b>: Se recomienda realizar pruebas complementarias para descartar infección pulmonar.</p></div>"
  },
  "status" : "registered",
  "code" : {
    "coding" : [{
      "system" : "http://loinc.org",
      "code" : "11488-4",
      "display" : "Consult note"
    }]
  },
  "subject" : {
    "reference" : "Patient/Paciente1"
  },
  "valueString" : "Se recomienda realizar pruebas complementarias para descartar infección pulmonar."
}