{
  "resourceType" : "Observation",
  "id" : "TICTFObsSolicitud1",
  "meta" : {
    "profile" : ["http://racsel.org/TIC-TSTF/StructureDefinition/TICTFObsSolicitud"]
  },
  "text" : {
    "status" : "generated",
    "div" : "<div xmlns=\"http://www.w3.org/1999/xhtml\"><p class=\"res-header-id\"><b>Generated Narrative: Observación TICTFObsSolicitud1</b></p><a name=\"TICTFObsSolicitud1\"> </a><a name=\"hcTICTFObsSolicitud1\"> </a><div style=\"display: inline-block; background-color: #d9e0e7; padding: 6px; margin: 4px; border: 1px solid #8da1b4; border-radius: 5px; line-height: 60%\"><p style=\"margin-bottom: 0px\"/><p style=\"margin-bottom: 0px\">Profile: <a href=\"StructureDefinition-TICTFObsSolicitud.html\">TICTF Narrativa de Solicitud</a></p></div><p><b>basedOn</b>: <a href=\"ServiceRequest-TICTFServiceRequest1.html\">ServiceRequest Telemedicine consultation with provider</a></p><p><b>status</b>: Registered</p><p><b>code</b>: <span title=\"Codes:{http://loinc.org 11487-6}\">Consultation request (narrative)</span></p><p><b>subject</b>: <a href=\"Patient-Paciente1.html\">Juan Domingo Perez  Male, DoB: 1980-05-15 ( Tax ID number)</a></p><p><b>value</b>: El paciente presenta síntomas de dificultad respiratoria desde hace dos semanas. Se requiere evaluación especializada.</p></div>"
  },
  "basedOn" : [{
    "reference" : "ServiceRequest/TICTFServiceRequest1"
  }],
  "status" : "registered",
  "code" : {
    "coding" : [{
      "system" : "http://loinc.org",
      "code" : "11487-6"
    }]
  },
  "subject" : {
    "reference" : "Patient/Paciente1"
  },
  "valueString" : "El paciente presenta síntomas de dificultad respiratoria desde hace dos semanas. Se requiere evaluación especializada."
}