{
  "resourceType" : "Organization",
  "id" : "TICTFOrganization1",
  "meta" : {
    "profile" : ["http://racsel.org/TIC-TSTF/StructureDefinition/PROOrganizationTICTF"]
  },
  "text" : {
    "status" : "generated",
    "div" : "<div xmlns=\"http://www.w3.org/1999/xhtml\"><p class=\"res-header-id\"><b>Generated Narrative: Organización TICTFOrganization1</b></p><a name=\"TICTFOrganization1\"> </a><a name=\"hcTICTFOrganization1\"> </a><div style=\"display: inline-block; background-color: #d9e0e7; padding: 6px; margin: 4px; border: 1px solid #8da1b4; border-radius: 5px; line-height: 60%\"><p style=\"margin-bottom: 0px\"/><p style=\"margin-bottom: 0px\">Profile: <a href=\"StructureDefinition-PROOrganizationTICTF.html\">TICTF Organización</a></p></div><p><b>name</b>: Hospital Central</p><p><b>address</b>: AR </p></div>"
  },
  "name" : "Hospital Central",
  "address" : [{
    "country" : "AR"
  }]
}