{
  "resourceType" : "Patient",
  "id" : "Paciente1",
  "meta" : {
    "profile" : ["http://racsel.org/TIC-TSTF/StructureDefinition/TICTFPatient"]
  },
  "text" : {
    "status" : "generated",
    "div" : "<div xmlns=\"http://www.w3.org/1999/xhtml\"><p class=\"res-header-id\"><b>Generated Narrative: Patient Paciente1</b></p><a name=\"Paciente1\"> </a><a name=\"hcPaciente1\"> </a><a name=\"Paciente1-en-US\"> </a><p style=\"border: 1px #661aff solid; background-color: #e6e6ff; padding: 10px;\">Juan Perez  Male, DoB: 1980-05-15</p><hr/></div>"
  },
  "name" : [{
    "family" : "Perez",
    "given" : ["Juan"]
  }],
  "gender" : "male",
  "birthDate" : "1980-05-15"
}