{
  "resourceType" : "PractitionerRole",
  "id" : "TICTFPractitionerRole1",
  "meta" : {
    "profile" : ["http://racsel.org/TIC-TSTF/StructureDefinition/TICTFPractitionerRole"]
  },
  "text" : {
    "status" : "generated",
    "div" : "<div xmlns=\"http://www.w3.org/1999/xhtml\"><p class=\"res-header-id\"><b>Generated Narrative: RolProfesional TICTFPractitionerRole1</b></p><a name=\"TICTFPractitionerRole1\"> </a><a name=\"hcTICTFPractitionerRole1\"> </a><div style=\"display: inline-block; background-color: #d9e0e7; padding: 6px; margin: 4px; border: 1px solid #8da1b4; border-radius: 5px; line-height: 60%\"><p style=\"margin-bottom: 0px\"/><p style=\"margin-bottom: 0px\">Profile: <a href=\"StructureDefinition-TICTFPractitionerRole.html\">TICTF Profesional, Organización y País</a></p></div><p><b>practitioner</b>: <a href=\"Practitioner-Practitioner1.html\">Practitioner Ana Gomez </a></p><p><b>organization</b>: <a href=\"Organization-TICTFOrganization1.html\">Organization Hospital Central</a></p></div>"
  },
  "practitioner" : {
    "reference" : "Practitioner/Practitioner1"
  },
  "organization" : {
    "reference" : "Organization/TICTFOrganization1"
  }
}