{
  "resourceType" : "PractitionerRole",
  "id" : "TICTFPractitionerRole3",
  "meta" : {
    "profile" : ["http://racsel.org/TIC-TSTF/StructureDefinition/TICTFPractitionerRole"]
  },
  "text" : {
    "status" : "generated",
    "div" : "<div xmlns=\"http://www.w3.org/1999/xhtml\"><p class=\"res-header-id\"><b>Generated Narrative: PractitionerRole TICTFPractitionerRole3</b></p><a name=\"TICTFPractitionerRole3\"> </a><a name=\"hcTICTFPractitionerRole3\"> </a><a name=\"TICTFPractitionerRole3-en-US\"> </a><p><b>practitioner</b>: <a href=\"Practitioner-Practitioner3.html\">Practitioner Lucía Gutierrrez </a></p><p><b>organization</b>: <a href=\"Organization-TICTFOrganization1.html\">Organization Hospital Central</a></p></div>"
  },
  "practitioner" : {
    "reference" : "Practitioner/Practitioner3"
  },
  "organization" : {
    "reference" : "Organization/TICTFOrganization1"
  }
}