{
  "resourceType" : "PractitionerRole",
  "id" : "TICTFPractitionerRole1",
  "meta" : {
    "profile" : ["http://racsel.org/TIC-TSTF/StructureDefinition/TICTFPractitionerRole"]
  },
  "text" : {
    "status" : "generated",
    "div" : "<div xmlns=\"http://www.w3.org/1999/xhtml\"><p class=\"res-header-id\"><b>Generated Narrative: PractitionerRole TICTFPractitionerRole1</b></p><a name=\"TICTFPractitionerRole1\"> </a><a name=\"hcTICTFPractitionerRole1\"> </a><a name=\"TICTFPractitionerRole1-en-US\"> </a><p><b>practitioner</b>: <a href=\"Practitioner-Practitioner1.html\">Practitioner Ana Gomez </a></p><p><b>organization</b>: <a href=\"Organization-TICTFOrganization1.html\">Organization Hospital Central</a></p></div>"
  },
  "practitioner" : {
    "reference" : "Practitioner/Practitioner1"
  },
  "organization" : {
    "reference" : "Organization/TICTFOrganization1"
  }
}