{
  "resourceType" : "ServiceRequest",
  "id" : "TICTFServiceRequest1",
  "meta" : {
    "profile" : ["http://racsel.org/TIC-TSTF/StructureDefinition/TICTFServiceRequest"]
  },
  "text" : {
    "status" : "generated",
    "div" : "<div xmlns=\"http://www.w3.org/1999/xhtml\"><p class=\"res-header-id\"><b>Generated Narrative: PeticiónServicio TICTFServiceRequest1</b></p><a name=\"TICTFServiceRequest1\"> </a><a name=\"hcTICTFServiceRequest1\"> </a><div style=\"display: inline-block; background-color: #d9e0e7; padding: 6px; margin: 4px; border: 1px solid #8da1b4; border-radius: 5px; line-height: 60%\"><p style=\"margin-bottom: 0px\"/><p style=\"margin-bottom: 0px\">Profile: <a href=\"StructureDefinition-TICTFServiceRequest.html\">TICTF Solicitud TeleInterconsulta Transfronteriza</a></p></div><p><b>identifier</b>: <code>http://HIS.PaisDeOrigen.gov/tictf/servicerequest</code>/PPBxmMR4EC-PBQzXpEBG7\u00a0(use:\u00a0official,\u00a0)</p><p><b>status</b>: Active</p><p><b>intent</b>: Order</p><p><b>code</b>: <span title=\"Codes:{http://snomed.info/sct 868184008}\">Telemedicine consultation with provider</span></p><p><b>orderDetail</b>: <span title=\"Codes:{http://snomed.info/sct 418112009}\">Pulmonary medicine</span></p><p><b>subject</b>: <a href=\"Patient-Paciente1.html\">Juan Domingo Perez  Male, DoB: 1980-05-15 ( Tax ID number)</a></p><p><b>requester</b>: <a href=\"PractitionerRole-TICTFPractitionerRole1.html\">PractitionerRole</a></p><p><b>performer</b>: <a href=\"PractitionerRole-TICTFPractitionerRole2.html\">PractitionerRole</a></p><p><b>reasonReference</b>: <a href=\"Observation-TICTFObsSolicitud1.html\">Observation Consultation request (narrative)</a></p><p><b>supportingInfo</b>: </p><ul><li><a href=\"Consent-Consent1.html\">Consent: status = active; scope = patient-privacy; category = Consentimiento:{Configuración} :Punto temporal:Tipo:Documento:Patient; policyRule = </a></li><li><a href=\"DocumentReference-DocumentReference1.html\">DocumentReference: status = current; type = </a></li><li><a href=\"DiagnosticReport-DiagnosticReport1.html\">Diagnostic Report for '' for '-&gt;Juan Domingo Perez  Male, DoB: 1980-05-15 ( Tax ID number)'</a></li><li><a href=\"Observation-TICTFObsGral1.html\">Observation Progress note</a></li></ul></div>"
  },
  "identifier" : [{
    "use" : "official",
    "system" : "http://HIS.PaisDeOrigen.gov/tictf/servicerequest",
    "value" : "PPBxmMR4EC-PBQzXpEBG7"
  }],
  "status" : "active",
  "intent" : "order",
  "code" : {
    "coding" : [{
      "system" : "http://snomed.info/sct",
      "code" : "868184008"
    }]
  },
  "orderDetail" : [{
    "coding" : [{
      "system" : "http://snomed.info/sct",
      "code" : "418112009"
    }]
  }],
  "subject" : {
    "reference" : "Patient/Paciente1"
  },
  "requester" : {
    "reference" : "PractitionerRole/TICTFPractitionerRole1"
  },
  "performer" : [{
    "reference" : "PractitionerRole/TICTFPractitionerRole2"
  }],
  "reasonReference" : [{
    "reference" : "Observation/TICTFObsSolicitud1"
  }],
  "supportingInfo" : [{
    "reference" : "Consent/Consent1"
  },
  {
    "reference" : "DocumentReference/DocumentReference1"
  },
  {
    "reference" : "DiagnosticReport/DiagnosticReport1"
  },
  {
    "reference" : "Observation/TICTFObsGral1"
  }]
}