{
  "resourceType" : "Task",
  "id" : "TICTFSubTask1",
  "meta" : {
    "profile" : ["http://racsel.org/TIC-TSTF/StructureDefinition/tictf-subtask"]
  },
  "text" : {
    "status" : "generated",
    "div" : "<div xmlns=\"http://www.w3.org/1999/xhtml\"><p class=\"res-header-id\"><b>Generated Narrative: Task TICTFSubTask1</b></p><a name=\"TICTFSubTask1\"> </a><a name=\"hcTICTFSubTask1\"> </a><a name=\"TICTFSubTask1-en-US\"> </a><p><b>basedOn</b>: <a href=\"Task-TICTFMainTask1.html\">Task: status = in-progress; intent = order</a></p><p><b>status</b>: Completed</p><p><b>intent</b>: order</p><p><b>focus</b>: <a href=\"ImagingStudy-ImagingStudy1.html\">ImagingStudy: status = available; description = Tomografía computarizada de tórax</a></p><p><b>for</b>: <a href=\"Patient-Paciente1.html\">Juan Perez  Male, DoB: 1980-05-15</a></p><p><b>requester</b>: <a href=\"PractitionerRole-TICTFPractitionerRole1.html\">PractitionerRole</a></p><p><b>owner</b>: <a href=\"PractitionerRole-TICTFPractitionerRole3.html\">PractitionerRole</a></p><h3>Inputs</h3><table class=\"grid\"><tr><td style=\"display: none\">-</td><td><b>Type</b></td><td><b>Value[x]</b></td></tr><tr><td style=\"display: none\">*</td><td><span title=\"Codes:{http://terminology.hl7.org/CodeSystem/task-input-type clinical-note}\">clinical-note</span></td><td><a href=\"DocumentReference-DocumentReference2.html\">DocumentReference: status = current; type = </a></td></tr></table><h3>Outputs</h3><table class=\"grid\"><tr><td style=\"display: none\">-</td><td><b>Type</b></td><td><b>Value[x]</b></td></tr><tr><td style=\"display: none\">*</td><td><span title=\"Codes:{http://terminology.hl7.org/CodeSystem/task-output-type report}\">report</span></td><td><a href=\"Observation-TICTFObsRespuesta1.html\">Observation Consult note</a></td></tr></table></div>"
  },
  "basedOn" : [{
    "reference" : "Task/TICTFMainTask1"
  }],
  "status" : "completed",
  "intent" : "order",
  "focus" : {
    "reference" : "ImagingStudy/ImagingStudy1"
  },
  "for" : {
    "reference" : "Patient/Paciente1"
  },
  "requester" : {
    "reference" : "PractitionerRole/TICTFPractitionerRole1"
  },
  "owner" : {
    "reference" : "PractitionerRole/TICTFPractitionerRole3"
  },
  "input" : [{
    "type" : {
      "coding" : [{
        "system" : "http://terminology.hl7.org/CodeSystem/task-input-type",
        "code" : "clinical-note"
      }]
    },
    "valueReference" : {
      "reference" : "DocumentReference/DocumentReference2"
    }
  }],
  "output" : [{
    "type" : {
      "coding" : [{
        "system" : "http://terminology.hl7.org/CodeSystem/task-output-type",
        "code" : "report"
      }]
    },
    "valueReference" : {
      "reference" : "Observation/TICTFObsRespuesta1"
    }
  }]
}