{
  "resourceType" : "Task",
  "id" : "TICTFMainTask2",
  "meta" : {
    "profile" : ["http://racsel.org/TIC-TSTF/StructureDefinition/tictf-maintask"]
  },
  "text" : {
    "status" : "generated",
    "div" : "<div xmlns=\"http://www.w3.org/1999/xhtml\"><p class=\"res-header-id\"><b>Generated Narrative: Task TICTFMainTask2</b></p><a name=\"TICTFMainTask2\"> </a><a name=\"hcTICTFMainTask2\"> </a><a name=\"TICTFMainTask2-en-US\"> </a><p><b>basedOn</b>: <a href=\"ServiceRequest-TICTFServiceRequest1.html\">ServiceRequest Telemedicine consultation with provider (procedure)</a></p><p><b>status</b>: Completed</p><p><b>intent</b>: order</p><p><b>focus</b>: <a href=\"DiagnosticReport-DiagnosticReport1.html\">Diagnostic Report for '' for '-&gt;Juan Perez  Male, DoB: 1980-05-15'</a></p><p><b>for</b>: <a href=\"Patient-Paciente1.html\">Juan Perez  Male, DoB: 1980-05-15</a></p><p><b>requester</b>: <a href=\"PractitionerRole-TICTFPractitionerRole1.html\">PractitionerRole</a></p><p><b>owner</b>: <a href=\"PractitionerRole-TICTFPractitionerRole2.html\">PractitionerRole</a></p><h3>Outputs</h3><table class=\"grid\"><tr><td style=\"display: none\">-</td><td><b>Type</b></td><td><b>Value[x]</b></td></tr><tr><td style=\"display: none\">*</td><td><span title=\"Codes:{http://terminology.hl7.org/CodeSystem/task-output-type documentation}\">documentation</span></td><td><a href=\"Observation-TICTFObsRespuesta1.html\">Observation Consult note</a></td></tr></table></div>"
  },
  "basedOn" : [{
    "reference" : "ServiceRequest/TICTFServiceRequest1"
  }],
  "status" : "completed",
  "intent" : "order",
  "focus" : {
    "reference" : "DiagnosticReport/DiagnosticReport1"
  },
  "for" : {
    "reference" : "Patient/Paciente1"
  },
  "requester" : {
    "reference" : "PractitionerRole/TICTFPractitionerRole1"
  },
  "owner" : {
    "reference" : "PractitionerRole/TICTFPractitionerRole2"
  },
  "output" : [{
    "type" : {
      "coding" : [{
        "system" : "http://terminology.hl7.org/CodeSystem/task-output-type",
        "code" : "documentation"
      }]
    },
    "valueReference" : {
      "reference" : "Observation/TICTFObsRespuesta1"
    }
  }]
}