<?xml version="1.0" encoding="UTF-8"?><CodeSystem xmlns="http://hl7.org/fhir"><id value="TipoOutputTaskCS"/><text><status value="generated"/><div xmlns="http://www.w3.org/1999/xhtml"><p class="res-header-id"><b>Generated Narrative: CodeSystem TipoOutputTaskCS</b></p><a name="TipoOutputTaskCS"> </a><a name="hcTipoOutputTaskCS"> </a><a name="TipoOutputTaskCS-en-US"> </a><p>This  code system <code>http://racsel.org/TIC-TSTF/CodeSystem/TipoOutputTaskCS</code> defines the following codes:</p><table class="codes"><tr><td style="white-space:nowrap"><b>Code</b></td><td><b>Display</b></td></tr><tr><td style="white-space:nowrap">Obs<a name="TipoOutputTaskCS-Obs"> </a></td><td>Observacion narrativa</td></tr><tr><td style="white-space:nowrap">Doc<a name="TipoOutputTaskCS-Doc"> </a></td><td>Documento</td></tr></table></div></text><url value="http://racsel.org/TIC-TSTF/CodeSystem/TipoOutputTaskCS"/><version value="0.2.1"/><name value="TipoOutputTaskCS"/><title value="TICTF Tipo de respuesta"/><status value="draft"/><date value="2025-01-30T19:16:54-03:00"/><publisher value="RACSEL"/><contact><name value="RACSEL"/><telecom><system value="url"/><value value="https://racsel.org/"/></telecom></contact><description value="Set de valores para Tipo Output Task"/><content value="complete"/><count value="2"/><concept><code value="Obs"/><display value="Observacion narrativa"/></concept><concept><code value="Doc"/><display value="Documento"/></concept></CodeSystem>