<?xml version="1.0" encoding="UTF-8"?><ValueSet xmlns="http://hl7.org/fhir"><id value="Paises"/><text><status value="generated"/><div xmlns="http://www.w3.org/1999/xhtml"><p class="res-header-id"><b>Generated Narrative: ValueSet Paises</b></p><a name="Paises"> </a><a name="hcPaises"> </a><a name="Paises-en-US"> </a><ul><li>Include all codes defined in <a href="http://terminology.hl7.org/6.2.0/CodeSystem-ISO3166Part1.html"><code>urn:iso:std:iso:3166</code></a></li></ul></div></text><url value="http://racsel.org/TIC-TSTF/ValueSet/Paises"/><version value="0.2.1"/><name value="Paises"/><title value="TICTF Paises"/><status value="draft"/><date value="2025-01-30T19:16:54-03:00"/><publisher value="RACSEL"/><contact><name value="RACSEL"/><telecom><system value="url"/><value value="https://racsel.org/"/></telecom></contact><description value="Paises de la ISO 3166"/><compose><include><system value="urn:iso:std:iso:3166"/></include></compose></ValueSet>