<?xml version="1.0" encoding="UTF-8"?>

<ValueSet xmlns="http://hl7.org/fhir">
  <id value="TipoRespuestaVS"/>
  <text>
    <status value="generated"/><div xmlns="http://www.w3.org/1999/xhtml"><p class="res-header-id"><b>Generated Narrative: ValueSet TipoRespuestaVS</b></p><a name="TipoRespuestaVS"> </a><a name="hcTipoRespuestaVS"> </a><a name="TipoRespuestaVS-en-US"> </a><ul><li>Include all codes defined in <a href="CodeSystem-TipoOutputTaskCS.html"><code>http://racsel.org/TIC-TSTF/CodeSystem/TipoOutputTaskCS</code></a></li></ul></div>
  </text>
  <url value="http://racsel.org/TIC-TSTF/ValueSet/TipoRespuestaVS"/>
  <version value="0.2.1"/>
  <name value="TipoRespuestaVS"/>
  <title value="TICTF Tipo de respuesta"/>
  <status value="draft"/>
  <date value="2025-01-30T19:16:54-03:00"/>
  <publisher value="RACSEL"/>
  <contact>
    <name value="RACSEL"/>
    <telecom>
      <system value="url"/>
      <value value="https://racsel.org/"/>
    </telecom>
  </contact>
  <description value="CodeSystem de Códigos tipo de respuesta TSTF"/>
  <compose>
    <include>
      <system value="http://racsel.org/TIC-TSTF/CodeSystem/TipoOutputTaskCS"/>
    </include>
  </compose>
</ValueSet>